id,genre,genre_link
0,10th-century,https://www.goodreads.com/search?q=10th-century
1,11th-century,https://www.goodreads.com/search?q=11th-century
2,12th-century,https://www.goodreads.com/search?q=12th-century
3,13th-century,https://www.goodreads.com/search?q=13th-century
4,14th-century,https://www.goodreads.com/search?q=14th-century
5,15th-century,https://www.goodreads.com/search?q=15th-century
6,16th-century,https://www.goodreads.com/search?q=16th-century
7,17th-century,https://www.goodreads.com/search?q=17th-century
8,1864-shenandoah-campaign,https://www.goodreads.com/search?q=1864-shenandoah-campaign
9,18th-century,https://www.goodreads.com/search?q=18th-century
10,1917,https://www.goodreads.com/search?q=1917
11,19th-century,https://www.goodreads.com/search?q=19th-century
12,1st-grade,https://www.goodreads.com/search?q=1st-grade
13,20th-century,https://www.goodreads.com/search?q=20th-century
14,21st-century,https://www.goodreads.com/search?q=21st-century
15,2nd-grade,https://www.goodreads.com/search?q=2nd-grade
16,40k,https://www.goodreads.com/search?q=40k
17,ableism,https://www.goodreads.com/search?q=ableism
18,abuse,https://www.goodreads.com/search?q=abuse
19,academia,https://www.goodreads.com/search?q=academia
20,academic,https://www.goodreads.com/search?q=academic
21,academics,https://www.goodreads.com/search?q=academics
22,accounting,https://www.goodreads.com/search?q=accounting
23,accra,https://www.goodreads.com/search?q=accra
24,action,https://www.goodreads.com/search?q=action
25,activism,https://www.goodreads.com/search?q=activism
26,adaptations,https://www.goodreads.com/search?q=adaptations
27,addis-ababa,https://www.goodreads.com/search?q=addis-ababa
28,addition,https://www.goodreads.com/search?q=addition
29,adhd,https://www.goodreads.com/search?q=adhd
30,adolescence,https://www.goodreads.com/search?q=adolescence
31,adoption,https://www.goodreads.com/search?q=adoption
32,adult,https://www.goodreads.com/search?q=adult
33,adult-colouring-books,https://www.goodreads.com/search?q=adult-colouring-books
34,adult-fiction,https://www.goodreads.com/search?q=adult-fiction
35,adventure,https://www.goodreads.com/search?q=adventure
36,adventurers,https://www.goodreads.com/search?q=adventurers
37,aeroplanes,https://www.goodreads.com/search?q=aeroplanes
38,africa,https://www.goodreads.com/search?q=africa
39,african-american,https://www.goodreads.com/search?q=african-american
40,african-american-literature,https://www.goodreads.com/search?q=african-american-literature
41,african-american-romance,https://www.goodreads.com/search?q=african-american-romance
42,african-literature,https://www.goodreads.com/search?q=african-literature
43,agender,https://www.goodreads.com/search?q=agender
44,agriculture,https://www.goodreads.com/search?q=agriculture
45,ahistory,https://www.goodreads.com/search?q=ahistory
46,aircraft,https://www.goodreads.com/search?q=aircraft
47,airliners,https://www.goodreads.com/search?q=airliners
48,airships,https://www.goodreads.com/search?q=airships
49,albanian-literature,https://www.goodreads.com/search?q=albanian-literature
50,alchemy,https://www.goodreads.com/search?q=alchemy
51,alcohol,https://www.goodreads.com/search?q=alcohol
52,alexandria,https://www.goodreads.com/search?q=alexandria
53,algebra,https://www.goodreads.com/search?q=algebra
54,algeria,https://www.goodreads.com/search?q=algeria
55,algiers,https://www.goodreads.com/search?q=algiers
56,algorithms,https://www.goodreads.com/search?q=algorithms
57,aliens,https://www.goodreads.com/search?q=aliens
58,alternate-history,https://www.goodreads.com/search?q=alternate-history
59,alternate-universe,https://www.goodreads.com/search?q=alternate-universe
60,alternative-medicine,https://www.goodreads.com/search?q=alternative-medicine
61,amateur-sleuth,https://www.goodreads.com/search?q=amateur-sleuth
62,amazon,https://www.goodreads.com/search?q=amazon
63,ambulance-service,https://www.goodreads.com/search?q=ambulance-service
64,ambulances,https://www.goodreads.com/search?q=ambulances
65,american,https://www.goodreads.com/search?q=american
66,american-civil-war,https://www.goodreads.com/search?q=american-civil-war
67,american-classics,https://www.goodreads.com/search?q=american-classics
68,american-fiction,https://www.goodreads.com/search?q=american-fiction
69,american-history,https://www.goodreads.com/search?q=american-history
70,american-novels,https://www.goodreads.com/search?q=american-novels
71,american-revolution,https://www.goodreads.com/search?q=american-revolution
72,american-revolutionary-war,https://www.goodreads.com/search?q=american-revolutionary-war
73,americana,https://www.goodreads.com/search?q=americana
74,amish,https://www.goodreads.com/search?q=amish
75,amish-fiction,https://www.goodreads.com/search?q=amish-fiction
76,amish-historical-romance-fiction,https://www.goodreads.com/search?q=amish-historical-romance-fiction
77,ancient,https://www.goodreads.com/search?q=ancient
78,ancient-history,https://www.goodreads.com/search?q=ancient-history
79,androgyne,https://www.goodreads.com/search?q=androgyne
80,angels,https://www.goodreads.com/search?q=angels
81,anglo-saxon,https://www.goodreads.com/search?q=anglo-saxon
82,angola,https://www.goodreads.com/search?q=angola
83,animal-fiction,https://www.goodreads.com/search?q=animal-fiction
84,animals,https://www.goodreads.com/search?q=animals
85,anime,https://www.goodreads.com/search?q=anime
86,anthologies,https://www.goodreads.com/search?q=anthologies
87,anthropology,https://www.goodreads.com/search?q=anthropology
88,anthropomorphic,https://www.goodreads.com/search?q=anthropomorphic
89,anti-intellectualism,https://www.goodreads.com/search?q=anti-intellectualism
90,anti-racist,https://www.goodreads.com/search?q=anti-racist
91,anti-science,https://www.goodreads.com/search?q=anti-science
92,antietam-campaign,https://www.goodreads.com/search?q=antietam-campaign
93,antiquities,https://www.goodreads.com/search?q=antiquities
94,antisemitism,https://www.goodreads.com/search?q=antisemitism
95,apocalyptic,https://www.goodreads.com/search?q=apocalyptic
96,apple,https://www.goodreads.com/search?q=apple
97,applied-mathematics,https://www.goodreads.com/search?q=applied-mathematics
98,appomattox-campaign,https://www.goodreads.com/search?q=appomattox-campaign
99,archaeology,https://www.goodreads.com/search?q=archaeology
100,architecture,https://www.goodreads.com/search?q=architecture
101,arithmetic,https://www.goodreads.com/search?q=arithmetic
102,army-of-northern-virginia,https://www.goodreads.com/search?q=army-of-northern-virginia
103,army-of-tennessee,https://www.goodreads.com/search?q=army-of-tennessee
104,army-of-the-potomac,https://www.goodreads.com/search?q=army-of-the-potomac
105,art,https://www.goodreads.com/search?q=art
106,art-and-photography,https://www.goodreads.com/search?q=art-and-photography
107,art-books-monographs,https://www.goodreads.com/search?q=art-books-monographs
108,art-design,https://www.goodreads.com/search?q=art-design
109,art-history,https://www.goodreads.com/search?q=art-history
110,arthurian,https://www.goodreads.com/search?q=arthurian
111,artificial-intelligence,https://www.goodreads.com/search?q=artificial-intelligence
112,asexual,https://www.goodreads.com/search?q=asexual
113,asia,https://www.goodreads.com/search?q=asia
114,asian-literature,https://www.goodreads.com/search?q=asian-literature
115,asmara,https://www.goodreads.com/search?q=asmara
116,aspergers,https://www.goodreads.com/search?q=aspergers
117,astrology,https://www.goodreads.com/search?q=astrology
118,astronomy,https://www.goodreads.com/search?q=astronomy
119,atheism,https://www.goodreads.com/search?q=atheism
120,atlanta-campaign,https://www.goodreads.com/search?q=atlanta-campaign
121,atlases,https://www.goodreads.com/search?q=atlases
122,aussie-rules-football,https://www.goodreads.com/search?q=aussie-rules-football
123,australia,https://www.goodreads.com/search?q=australia
124,autistic-spectrum-disorder,https://www.goodreads.com/search?q=autistic-spectrum-disorder
125,autobiography,https://www.goodreads.com/search?q=autobiography
126,aviation,https://www.goodreads.com/search?q=aviation
127,aviation-history,https://www.goodreads.com/search?q=aviation-history
128,azeroth,https://www.goodreads.com/search?q=azeroth
129,babylon-5,https://www.goodreads.com/search?q=babylon-5
130,back-to-school,https://www.goodreads.com/search?q=back-to-school
131,bad-science,https://www.goodreads.com/search?q=bad-science
132,baha-i,https://www.goodreads.com/search?q=baha-i
133,bande-dessinée,https://www.goodreads.com/search?q=bande-dessinée
134,bangladesh,https://www.goodreads.com/search?q=bangladesh
135,banking,https://www.goodreads.com/search?q=banking
136,banks,https://www.goodreads.com/search?q=banks
137,banned-books,https://www.goodreads.com/search?q=banned-books
138,barter,https://www.goodreads.com/search?q=barter
139,baseball,https://www.goodreads.com/search?q=baseball
140,basketball,https://www.goodreads.com/search?q=basketball
141,batman,https://www.goodreads.com/search?q=batman
142,battle-of-britain,https://www.goodreads.com/search?q=battle-of-britain
143,battle-of-gettysburg,https://www.goodreads.com/search?q=battle-of-gettysburg
144,battles-of-the-american-civil-ear,https://www.goodreads.com/search?q=battles-of-the-american-civil-ear
145,bdsm,https://www.goodreads.com/search?q=bdsm
146,beading,https://www.goodreads.com/search?q=beading
147,beauty-and-the-beast,https://www.goodreads.com/search?q=beauty-and-the-beast
148,beer,https://www.goodreads.com/search?q=beer
149,belgian,https://www.goodreads.com/search?q=belgian
150,belgium,https://www.goodreads.com/search?q=belgium
151,belief,https://www.goodreads.com/search?q=belief
152,benghazi,https://www.goodreads.com/search?q=benghazi
153,benin,https://www.goodreads.com/search?q=benin
154,beverages,https://www.goodreads.com/search?q=beverages
155,biblical,https://www.goodreads.com/search?q=biblical
156,biblical-fiction,https://www.goodreads.com/search?q=biblical-fiction
157,bicycles,https://www.goodreads.com/search?q=bicycles
158,bigfoot,https://www.goodreads.com/search?q=bigfoot
159,biography,https://www.goodreads.com/search?q=biography
160,biography-memoir,https://www.goodreads.com/search?q=biography-memoir
161,biology,https://www.goodreads.com/search?q=biology
162,bird-watching,https://www.goodreads.com/search?q=bird-watching
163,birds,https://www.goodreads.com/search?q=birds
164,bisexual,https://www.goodreads.com/search?q=bisexual
165,bisexual-romance,https://www.goodreads.com/search?q=bisexual-romance
166,bizarro-fiction,https://www.goodreads.com/search?q=bizarro-fiction
167,black-literature,https://www.goodreads.com/search?q=black-literature
168,boarding-school,https://www.goodreads.com/search?q=boarding-school
169,boating,https://www.goodreads.com/search?q=boating
170,bolivia,https://www.goodreads.com/search?q=bolivia
171,bolsheviks,https://www.goodreads.com/search?q=bolsheviks
172,bombers,https://www.goodreads.com/search?q=bombers
173,bookkeeping,https://www.goodreads.com/search?q=bookkeeping
174,books-about-books,https://www.goodreads.com/search?q=books-about-books
175,booze,https://www.goodreads.com/search?q=booze
176,botswana,https://www.goodreads.com/search?q=botswana
177,boys-love,https://www.goodreads.com/search?q=boys-love
178,brain,https://www.goodreads.com/search?q=brain
179,brazil,https://www.goodreads.com/search?q=brazil
180,brazzaville,https://www.goodreads.com/search?q=brazzaville
181,brewing,https://www.goodreads.com/search?q=brewing
182,british-literature,https://www.goodreads.com/search?q=british-literature
183,buddhism,https://www.goodreads.com/search?q=buddhism
184,buffy-the-vampire-slayer,https://www.goodreads.com/search?q=buffy-the-vampire-slayer
185,bulgaria,https://www.goodreads.com/search?q=bulgaria
186,bulgarian-literature,https://www.goodreads.com/search?q=bulgarian-literature
187,burkina-faso,https://www.goodreads.com/search?q=burkina-faso
188,burundi,https://www.goodreads.com/search?q=burundi
189,buses,https://www.goodreads.com/search?q=buses
190,business,https://www.goodreads.com/search?q=business
191,business-ethics,https://www.goodreads.com/search?q=business-ethics
192,butch-femme,https://www.goodreads.com/search?q=butch-femme
193,cabo-verde,https://www.goodreads.com/search?q=cabo-verde
194,cairo,https://www.goodreads.com/search?q=cairo
195,calculation,https://www.goodreads.com/search?q=calculation
196,calculus,https://www.goodreads.com/search?q=calculus
197,cameroon,https://www.goodreads.com/search?q=cameroon
198,campus,https://www.goodreads.com/search?q=campus
199,canada,https://www.goodreads.com/search?q=canada
200,canadian-literature,https://www.goodreads.com/search?q=canadian-literature
201,canon,https://www.goodreads.com/search?q=canon
202,canterbury-tales,https://www.goodreads.com/search?q=canterbury-tales
203,cape-town,https://www.goodreads.com/search?q=cape-town
204,carolinas-campaign,https://www.goodreads.com/search?q=carolinas-campaign
205,carolingian,https://www.goodreads.com/search?q=carolingian
206,cars,https://www.goodreads.com/search?q=cars
207,cartography,https://www.goodreads.com/search?q=cartography
208,cartoon,https://www.goodreads.com/search?q=cartoon
209,castile,https://www.goodreads.com/search?q=castile
210,category-romance,https://www.goodreads.com/search?q=category-romance
211,catholic,https://www.goodreads.com/search?q=catholic
212,cats,https://www.goodreads.com/search?q=cats
213,central-africa,https://www.goodreads.com/search?q=central-africa
214,central-african-republic,https://www.goodreads.com/search?q=central-african-republic
215,chad,https://www.goodreads.com/search?q=chad
216,challenged-books,https://www.goodreads.com/search?q=challenged-books
217,chancellorsville-campaign,https://www.goodreads.com/search?q=chancellorsville-campaign
218,chapter-books,https://www.goodreads.com/search?q=chapter-books
219,chemistry,https://www.goodreads.com/search?q=chemistry
220,chess,https://www.goodreads.com/search?q=chess
221,chick-lit,https://www.goodreads.com/search?q=chick-lit
222,childrens,https://www.goodreads.com/search?q=childrens
223,childrens-classics,https://www.goodreads.com/search?q=childrens-classics
224,china,https://www.goodreads.com/search?q=china
225,chinese-literature,https://www.goodreads.com/search?q=chinese-literature
226,chivalry,https://www.goodreads.com/search?q=chivalry
227,choose-your-own-adventure,https://www.goodreads.com/search?q=choose-your-own-adventure
228,christian,https://www.goodreads.com/search?q=christian
229,christian-contemporary-fiction,https://www.goodreads.com/search?q=christian-contemporary-fiction
230,christian-fantasy,https://www.goodreads.com/search?q=christian-fantasy
231,christian-fantasy-dystopian,https://www.goodreads.com/search?q=christian-fantasy-dystopian
232,christian-fiction,https://www.goodreads.com/search?q=christian-fiction
233,christian-fiction-amish,https://www.goodreads.com/search?q=christian-fiction-amish
234,christian-historical-fiction,https://www.goodreads.com/search?q=christian-historical-fiction
235,christian-living,https://www.goodreads.com/search?q=christian-living
236,christian-non-fiction,https://www.goodreads.com/search?q=christian-non-fiction
237,christian-romance,https://www.goodreads.com/search?q=christian-romance
238,christian-romance-historical,https://www.goodreads.com/search?q=christian-romance-historical
239,christianity,https://www.goodreads.com/search?q=christianity
240,christmas,https://www.goodreads.com/search?q=christmas
241,chupacabra,https://www.goodreads.com/search?q=chupacabra
242,church,https://www.goodreads.com/search?q=church
243,church-history,https://www.goodreads.com/search?q=church-history
244,church-ministry,https://www.goodreads.com/search?q=church-ministry
245,cinderella,https://www.goodreads.com/search?q=cinderella
246,cisgender,https://www.goodreads.com/search?q=cisgender
247,cities,https://www.goodreads.com/search?q=cities
248,civil-engineering,https://www.goodreads.com/search?q=civil-engineering
249,civil-war,https://www.goodreads.com/search?q=civil-war
250,civil-war-confederacy,https://www.goodreads.com/search?q=civil-war-confederacy
251,civil-war-eastern-theater,https://www.goodreads.com/search?q=civil-war-eastern-theater
252,civil-war-history,https://www.goodreads.com/search?q=civil-war-history
253,civil-war-navy,https://www.goodreads.com/search?q=civil-war-navy
254,civil-war-western-theater,https://www.goodreads.com/search?q=civil-war-western-theater
255,class,https://www.goodreads.com/search?q=class
256,class-issues,https://www.goodreads.com/search?q=class-issues
257,classic-literature,https://www.goodreads.com/search?q=classic-literature
258,classical-music,https://www.goodreads.com/search?q=classical-music
259,classical-studies,https://www.goodreads.com/search?q=classical-studies
260,classics,https://www.goodreads.com/search?q=classics
261,clean-romance,https://www.goodreads.com/search?q=clean-romance
262,climate-change,https://www.goodreads.com/search?q=climate-change
263,climate-change-denial,https://www.goodreads.com/search?q=climate-change-denial
264,climate-change-fiction,https://www.goodreads.com/search?q=climate-change-fiction
265,climbing,https://www.goodreads.com/search?q=climbing
266,cocktails,https://www.goodreads.com/search?q=cocktails
267,coding,https://www.goodreads.com/search?q=coding
268,coin-collecting,https://www.goodreads.com/search?q=coin-collecting
269,collections,https://www.goodreads.com/search?q=collections
270,college,https://www.goodreads.com/search?q=college
271,colouring-books,https://www.goodreads.com/search?q=colouring-books
272,comedian,https://www.goodreads.com/search?q=comedian
273,comedy,https://www.goodreads.com/search?q=comedy
274,comic-book,https://www.goodreads.com/search?q=comic-book
275,comic-fantasy,https://www.goodreads.com/search?q=comic-fantasy
276,comic-science-fiction,https://www.goodreads.com/search?q=comic-science-fiction
277,comic-strips,https://www.goodreads.com/search?q=comic-strips
278,comics,https://www.goodreads.com/search?q=comics
279,comics-manga,https://www.goodreads.com/search?q=comics-manga
280,coming-of-age,https://www.goodreads.com/search?q=coming-of-age
281,comix,https://www.goodreads.com/search?q=comix
282,communication,https://www.goodreads.com/search?q=communication
283,comoros,https://www.goodreads.com/search?q=comoros
284,complementary-medicine,https://www.goodreads.com/search?q=complementary-medicine
285,computation,https://www.goodreads.com/search?q=computation
286,computer-reference,https://www.goodreads.com/search?q=computer-reference
287,computer-science,https://www.goodreads.com/search?q=computer-science
288,computers,https://www.goodreads.com/search?q=computers
289,conflict-of-interest,https://www.goodreads.com/search?q=conflict-of-interest
290,conservation,https://www.goodreads.com/search?q=conservation
291,conspiracy-theories,https://www.goodreads.com/search?q=conspiracy-theories
292,construction,https://www.goodreads.com/search?q=construction
293,consumer-economics,https://www.goodreads.com/search?q=consumer-economics
294,contemporary,https://www.goodreads.com/search?q=contemporary
295,contemporary-romance,https://www.goodreads.com/search?q=contemporary-romance
296,contemporary-romance-clean,https://www.goodreads.com/search?q=contemporary-romance-clean
297,cookbooks,https://www.goodreads.com/search?q=cookbooks
298,cooking,https://www.goodreads.com/search?q=cooking
299,coptic-language,https://www.goodreads.com/search?q=coptic-language
300,coptology,https://www.goodreads.com/search?q=coptology
301,copts,https://www.goodreads.com/search?q=copts
302,costume-history,https://www.goodreads.com/search?q=costume-history
303,counselling,https://www.goodreads.com/search?q=counselling
304,counter-culture,https://www.goodreads.com/search?q=counter-culture
305,counting,https://www.goodreads.com/search?q=counting
306,couture,https://www.goodreads.com/search?q=couture
307,cozy-mystery,https://www.goodreads.com/search?q=cozy-mystery
308,crafts,https://www.goodreads.com/search?q=crafts
309,creation-science,https://www.goodreads.com/search?q=creation-science
310,crime,https://www.goodreads.com/search?q=crime
311,criticism,https://www.goodreads.com/search?q=criticism
312,crochet,https://www.goodreads.com/search?q=crochet
313,cross-dressing,https://www.goodreads.com/search?q=cross-dressing
314,cryonics,https://www.goodreads.com/search?q=cryonics
315,cryptids,https://www.goodreads.com/search?q=cryptids
316,cryptozoology,https://www.goodreads.com/search?q=cryptozoology
317,cthulhu-mythos,https://www.goodreads.com/search?q=cthulhu-mythos
318,cuisine,https://www.goodreads.com/search?q=cuisine
319,culinary,https://www.goodreads.com/search?q=culinary
320,cult-classics,https://www.goodreads.com/search?q=cult-classics
321,cults,https://www.goodreads.com/search?q=cults
322,cultural,https://www.goodreads.com/search?q=cultural
323,cultural-heritage,https://www.goodreads.com/search?q=cultural-heritage
324,cultural-studies,https://www.goodreads.com/search?q=cultural-studies
325,curation,https://www.goodreads.com/search?q=curation
326,currency,https://www.goodreads.com/search?q=currency
327,cw-bentonville,https://www.goodreads.com/search?q=cw-bentonville
328,cw-iuka-corinth,https://www.goodreads.com/search?q=cw-iuka-corinth
329,cw-stones-river,https://www.goodreads.com/search?q=cw-stones-river
330,cw-west-va,https://www.goodreads.com/search?q=cw-west-va
331,cyberpunk,https://www.goodreads.com/search?q=cyberpunk
332,cycling,https://www.goodreads.com/search?q=cycling
333,czech-literature,https://www.goodreads.com/search?q=czech-literature
334,dakar,https://www.goodreads.com/search?q=dakar
335,danish,https://www.goodreads.com/search?q=danish
336,dark,https://www.goodreads.com/search?q=dark
337,dark-fantasy,https://www.goodreads.com/search?q=dark-fantasy
338,dc-comics,https://www.goodreads.com/search?q=dc-comics
339,death,https://www.goodreads.com/search?q=death
340,deception,https://www.goodreads.com/search?q=deception
341,democratic-republic-of-the-congo,https://www.goodreads.com/search?q=democratic-republic-of-the-congo
342,demons,https://www.goodreads.com/search?q=demons
343,denialism,https://www.goodreads.com/search?q=denialism
344,denmark,https://www.goodreads.com/search?q=denmark
345,design,https://www.goodreads.com/search?q=design
346,detective,https://www.goodreads.com/search?q=detective
347,diary,https://www.goodreads.com/search?q=diary
348,dictionaries,https://www.goodreads.com/search?q=dictionaries
349,diets,https://www.goodreads.com/search?q=diets
350,dinosaurs,https://www.goodreads.com/search?q=dinosaurs
351,disability,https://www.goodreads.com/search?q=disability
352,disability-studies,https://www.goodreads.com/search?q=disability-studies
353,disabled-communities,https://www.goodreads.com/search?q=disabled-communities
354,discipleship,https://www.goodreads.com/search?q=discipleship
355,disease,https://www.goodreads.com/search?q=disease
356,distrust,https://www.goodreads.com/search?q=distrust
357,divination,https://www.goodreads.com/search?q=divination
358,division,https://www.goodreads.com/search?q=division
359,divorce,https://www.goodreads.com/search?q=divorce
360,djibouti,https://www.goodreads.com/search?q=djibouti
361,doctor-who,https://www.goodreads.com/search?q=doctor-who
362,dogs,https://www.goodreads.com/search?q=dogs
363,domestic-science,https://www.goodreads.com/search?q=domestic-science
364,drag,https://www.goodreads.com/search?q=drag
365,dragonlance,https://www.goodreads.com/search?q=dragonlance
366,dragons,https://www.goodreads.com/search?q=dragons
367,drama,https://www.goodreads.com/search?q=drama
368,drawing,https://www.goodreads.com/search?q=drawing
369,dressmaking,https://www.goodreads.com/search?q=dressmaking
370,drinking,https://www.goodreads.com/search?q=drinking
371,dungeons-and-dragons,https://www.goodreads.com/search?q=dungeons-and-dragons
372,dungeons-and-dragons-manuals,https://www.goodreads.com/search?q=dungeons-and-dragons-manuals
373,dutch-literature,https://www.goodreads.com/search?q=dutch-literature
374,dying-earth,https://www.goodreads.com/search?q=dying-earth
375,dyscalculia,https://www.goodreads.com/search?q=dyscalculia
376,dystopia,https://www.goodreads.com/search?q=dystopia
377,earth,https://www.goodreads.com/search?q=earth
378,earth-sciences,https://www.goodreads.com/search?q=earth-sciences
379,eastern-africa,https://www.goodreads.com/search?q=eastern-africa
380,eastern-philosophy,https://www.goodreads.com/search?q=eastern-philosophy
381,ecclesiology,https://www.goodreads.com/search?q=ecclesiology
382,ecology,https://www.goodreads.com/search?q=ecology
383,economic-development,https://www.goodreads.com/search?q=economic-development
384,economics,https://www.goodreads.com/search?q=economics
385,education,https://www.goodreads.com/search?q=education
386,edwardian,https://www.goodreads.com/search?q=edwardian
387,egypt,https://www.goodreads.com/search?q=egypt
388,egyptian-literature,https://www.goodreads.com/search?q=egyptian-literature
389,egyptology,https://www.goodreads.com/search?q=egyptology
390,electrical-engineering,https://www.goodreads.com/search?q=electrical-engineering
391,elizabethan-period,https://www.goodreads.com/search?q=elizabethan-period
392,elves,https://www.goodreads.com/search?q=elves
393,emergency-services,https://www.goodreads.com/search?q=emergency-services
394,emotion,https://www.goodreads.com/search?q=emotion
395,empiricism,https://www.goodreads.com/search?q=empiricism
396,engineering,https://www.goodreads.com/search?q=engineering
397,english-civil-war,https://www.goodreads.com/search?q=english-civil-war
398,english-literature,https://www.goodreads.com/search?q=english-literature
399,entrepreneurship,https://www.goodreads.com/search?q=entrepreneurship
400,environment,https://www.goodreads.com/search?q=environment
401,environmental-science,https://www.goodreads.com/search?q=environmental-science
402,epic,https://www.goodreads.com/search?q=epic
403,epic-fantasy,https://www.goodreads.com/search?q=epic-fantasy
404,epic-poetry,https://www.goodreads.com/search?q=epic-poetry
405,equatorial-guinea,https://www.goodreads.com/search?q=equatorial-guinea
406,eritrea,https://www.goodreads.com/search?q=eritrea
407,erotic-historical-romance,https://www.goodreads.com/search?q=erotic-historical-romance
408,erotic-horror,https://www.goodreads.com/search?q=erotic-horror
409,erotic-paranormal-romance,https://www.goodreads.com/search?q=erotic-paranormal-romance
410,erotic-romance,https://www.goodreads.com/search?q=erotic-romance
411,erotica,https://www.goodreads.com/search?q=erotica
412,esoterica,https://www.goodreads.com/search?q=esoterica
413,esp,https://www.goodreads.com/search?q=esp
414,espionage,https://www.goodreads.com/search?q=espionage
415,essays,https://www.goodreads.com/search?q=essays
416,ethiopia,https://www.goodreads.com/search?q=ethiopia
417,ethnic,https://www.goodreads.com/search?q=ethnic
418,ethnic-studies,https://www.goodreads.com/search?q=ethnic-studies
419,ethnicity,https://www.goodreads.com/search?q=ethnicity
420,ethnography,https://www.goodreads.com/search?q=ethnography
421,eugenics,https://www.goodreads.com/search?q=eugenics
422,eunuch,https://www.goodreads.com/search?q=eunuch
423,european-history,https://www.goodreads.com/search?q=european-history
424,european-literature,https://www.goodreads.com/search?q=european-literature
425,evangelism,https://www.goodreads.com/search?q=evangelism
426,evolution,https://www.goodreads.com/search?q=evolution
427,experimental-archaeology,https://www.goodreads.com/search?q=experimental-archaeology
428,f-f-f,https://www.goodreads.com/search?q=f-f-f
429,f-m-f,https://www.goodreads.com/search?q=f-m-f
430,fables,https://www.goodreads.com/search?q=fables
431,fae,https://www.goodreads.com/search?q=fae
432,fairies,https://www.goodreads.com/search?q=fairies
433,fairy-tale-retellings,https://www.goodreads.com/search?q=fairy-tale-retellings
434,fairy-tales,https://www.goodreads.com/search?q=fairy-tales
435,faith,https://www.goodreads.com/search?q=faith
436,family,https://www.goodreads.com/search?q=family
437,family-law,https://www.goodreads.com/search?q=family-law
438,fandom,https://www.goodreads.com/search?q=fandom
439,fantasy,https://www.goodreads.com/search?q=fantasy
440,fantasy-of-manners,https://www.goodreads.com/search?q=fantasy-of-manners
441,fantasy-romance,https://www.goodreads.com/search?q=fantasy-romance
442,far-right,https://www.goodreads.com/search?q=far-right
443,fashion,https://www.goodreads.com/search?q=fashion
444,fashion-design,https://www.goodreads.com/search?q=fashion-design
445,fashion-designers,https://www.goodreads.com/search?q=fashion-designers
446,fashion-history,https://www.goodreads.com/search?q=fashion-history
447,fat,https://www.goodreads.com/search?q=fat
448,fat-acceptance,https://www.goodreads.com/search?q=fat-acceptance
449,fat-studies,https://www.goodreads.com/search?q=fat-studies
450,feminism,https://www.goodreads.com/search?q=feminism
451,feminist-studies,https://www.goodreads.com/search?q=feminist-studies
452,feminist-theory,https://www.goodreads.com/search?q=feminist-theory
453,femme-femme,https://www.goodreads.com/search?q=femme-femme
454,femslash,https://www.goodreads.com/search?q=femslash
455,ferdinand-and-isabella,https://www.goodreads.com/search?q=ferdinand-and-isabella
456,ferries,https://www.goodreads.com/search?q=ferries
457,fiction,https://www.goodreads.com/search?q=fiction
458,field-guides,https://www.goodreads.com/search?q=field-guides
459,fighters,https://www.goodreads.com/search?q=fighters
460,figure-skating,https://www.goodreads.com/search?q=figure-skating
461,film,https://www.goodreads.com/search?q=film
462,finance,https://www.goodreads.com/search?q=finance
463,financial-management,https://www.goodreads.com/search?q=financial-management
464,finnish-literature,https://www.goodreads.com/search?q=finnish-literature
465,fire-engines,https://www.goodreads.com/search?q=fire-engines
466,fire-services,https://www.goodreads.com/search?q=fire-services
467,firefighters,https://www.goodreads.com/search?q=firefighters
468,fitness,https://www.goodreads.com/search?q=fitness
469,flash-fiction,https://www.goodreads.com/search?q=flash-fiction
470,florence-nightingale,https://www.goodreads.com/search?q=florence-nightingale
471,folk-tales,https://www.goodreads.com/search?q=folk-tales
472,folklore,https://www.goodreads.com/search?q=folklore
473,food,https://www.goodreads.com/search?q=food
474,food-and-drink,https://www.goodreads.com/search?q=food-and-drink
475,food-and-wine,https://www.goodreads.com/search?q=food-and-wine
476,food-history,https://www.goodreads.com/search?q=food-history
477,food-preservation,https://www.goodreads.com/search?q=food-preservation
478,food-science,https://www.goodreads.com/search?q=food-science
479,food-writing,https://www.goodreads.com/search?q=food-writing
480,foodie,https://www.goodreads.com/search?q=foodie
481,football,https://www.goodreads.com/search?q=football
482,forgotten-realms,https://www.goodreads.com/search?q=forgotten-realms
483,foster-children,https://www.goodreads.com/search?q=foster-children
484,foster-parents,https://www.goodreads.com/search?q=foster-parents
485,fostering,https://www.goodreads.com/search?q=fostering
486,foursome,https://www.goodreads.com/search?q=foursome
487,fractured-fairy-tales,https://www.goodreads.com/search?q=fractured-fairy-tales
488,france,https://www.goodreads.com/search?q=france
489,frankensteins-monster,https://www.goodreads.com/search?q=frankensteins-monster
490,freetown,https://www.goodreads.com/search?q=freetown
491,freight,https://www.goodreads.com/search?q=freight
492,french-literature,https://www.goodreads.com/search?q=french-literature
493,french-revolution,https://www.goodreads.com/search?q=french-revolution
494,fringe-science,https://www.goodreads.com/search?q=fringe-science
495,frugal,https://www.goodreads.com/search?q=frugal
496,functional-analysis,https://www.goodreads.com/search?q=functional-analysis
497,fundamentalism,https://www.goodreads.com/search?q=fundamentalism
498,futurism,https://www.goodreads.com/search?q=futurism
499,futuristic,https://www.goodreads.com/search?q=futuristic
500,futuristic-romance,https://www.goodreads.com/search?q=futuristic-romance
501,gabon,https://www.goodreads.com/search?q=gabon
502,gaborone,https://www.goodreads.com/search?q=gaborone
503,game-design,https://www.goodreads.com/search?q=game-design
504,gamebooks,https://www.goodreads.com/search?q=gamebooks
505,games,https://www.goodreads.com/search?q=games
506,gaming,https://www.goodreads.com/search?q=gaming
507,gaming-fiction,https://www.goodreads.com/search?q=gaming-fiction
508,gardening,https://www.goodreads.com/search?q=gardening
509,gastronomy,https://www.goodreads.com/search?q=gastronomy
510,gay,https://www.goodreads.com/search?q=gay
511,gay-erotica,https://www.goodreads.com/search?q=gay-erotica
512,gay-fiction,https://www.goodreads.com/search?q=gay-fiction
513,gay-for-you,https://www.goodreads.com/search?q=gay-for-you
514,geek,https://www.goodreads.com/search?q=geek
515,gemstones,https://www.goodreads.com/search?q=gemstones
516,gender,https://www.goodreads.com/search?q=gender
517,gender-and-sexuality,https://www.goodreads.com/search?q=gender-and-sexuality
518,gender-identity,https://www.goodreads.com/search?q=gender-identity
519,gender-roles,https://www.goodreads.com/search?q=gender-roles
520,gender-studies,https://www.goodreads.com/search?q=gender-studies
521,genderfluid,https://www.goodreads.com/search?q=genderfluid
522,genderfuck,https://www.goodreads.com/search?q=genderfuck
523,genderqueer,https://www.goodreads.com/search?q=genderqueer
524,genetics,https://www.goodreads.com/search?q=genetics
525,geoffrey-chaucer,https://www.goodreads.com/search?q=geoffrey-chaucer
526,geography,https://www.goodreads.com/search?q=geography
527,geology,https://www.goodreads.com/search?q=geology
528,geometry,https://www.goodreads.com/search?q=geometry
529,georgian,https://www.goodreads.com/search?q=georgian
530,georgian-romance,https://www.goodreads.com/search?q=georgian-romance
531,german-literature,https://www.goodreads.com/search?q=german-literature
532,germany,https://www.goodreads.com/search?q=germany
533,gettysburg-campaign,https://www.goodreads.com/search?q=gettysburg-campaign
534,ghana,https://www.goodreads.com/search?q=ghana
535,ghost-stories,https://www.goodreads.com/search?q=ghost-stories
536,ghosts,https://www.goodreads.com/search?q=ghosts
537,glaciers,https://www.goodreads.com/search?q=glaciers
538,gliders,https://www.goodreads.com/search?q=gliders
539,global-warming,https://www.goodreads.com/search?q=global-warming
540,gnosticism,https://www.goodreads.com/search?q=gnosticism
541,go,https://www.goodreads.com/search?q=go
542,god,https://www.goodreads.com/search?q=god
543,goddess,https://www.goodreads.com/search?q=goddess
544,gods,https://www.goodreads.com/search?q=gods
545,golden-age-mystery,https://www.goodreads.com/search?q=golden-age-mystery
546,google,https://www.goodreads.com/search?q=google
547,goth,https://www.goodreads.com/search?q=goth
548,gothic,https://www.goodreads.com/search?q=gothic
549,gothic-horror,https://www.goodreads.com/search?q=gothic-horror
550,gothic-revival,https://www.goodreads.com/search?q=gothic-revival
551,gothic-romance,https://www.goodreads.com/search?q=gothic-romance
552,government,https://www.goodreads.com/search?q=government
553,grad-school,https://www.goodreads.com/search?q=grad-school
554,graffiti,https://www.goodreads.com/search?q=graffiti
555,graphic-literature,https://www.goodreads.com/search?q=graphic-literature
556,graphic-non-fiction,https://www.goodreads.com/search?q=graphic-non-fiction
557,graphic-novels,https://www.goodreads.com/search?q=graphic-novels
558,graphic-novels-comics,https://www.goodreads.com/search?q=graphic-novels-comics
559,graphic-novels-comics-manga,https://www.goodreads.com/search?q=graphic-novels-comics-manga
560,graphic-novels-manga,https://www.goodreads.com/search?q=graphic-novels-manga
561,graphica,https://www.goodreads.com/search?q=graphica
562,greece,https://www.goodreads.com/search?q=greece
563,greek-mythology,https://www.goodreads.com/search?q=greek-mythology
564,green,https://www.goodreads.com/search?q=green
565,grimm,https://www.goodreads.com/search?q=grimm
566,growth-mindset,https://www.goodreads.com/search?q=growth-mindset
567,guidebook,https://www.goodreads.com/search?q=guidebook
568,guides,https://www.goodreads.com/search?q=guides
569,guinea,https://www.goodreads.com/search?q=guinea
570,guinea-bissau,https://www.goodreads.com/search?q=guinea-bissau
571,gynaecology,https://www.goodreads.com/search?q=gynaecology
572,habsburg-empire,https://www.goodreads.com/search?q=habsburg-empire
573,habsburg-spain,https://www.goodreads.com/search?q=habsburg-spain
574,hackers,https://www.goodreads.com/search?q=hackers
575,halloween,https://www.goodreads.com/search?q=halloween
576,harare,https://www.goodreads.com/search?q=harare
577,hard-boiled,https://www.goodreads.com/search?q=hard-boiled
578,hard-science-fiction,https://www.goodreads.com/search?q=hard-science-fiction
579,harem,https://www.goodreads.com/search?q=harem
580,harlequin,https://www.goodreads.com/search?q=harlequin
581,harlequin-blaze,https://www.goodreads.com/search?q=harlequin-blaze
582,harlequin-category-romance,https://www.goodreads.com/search?q=harlequin-category-romance
583,harlequin-desire,https://www.goodreads.com/search?q=harlequin-desire
584,harlequin-heartwarming,https://www.goodreads.com/search?q=harlequin-heartwarming
585,harlequin-historical,https://www.goodreads.com/search?q=harlequin-historical
586,harlequin-kimani-romance,https://www.goodreads.com/search?q=harlequin-kimani-romance
587,harlequin-medical-romance,https://www.goodreads.com/search?q=harlequin-medical-romance
588,harlequin-nocturne,https://www.goodreads.com/search?q=harlequin-nocturne
589,harlequin-presents,https://www.goodreads.com/search?q=harlequin-presents
590,harlequin-romance,https://www.goodreads.com/search?q=harlequin-romance
591,harlequin-romantic-suspense,https://www.goodreads.com/search?q=harlequin-romantic-suspense
592,harlequin-teen,https://www.goodreads.com/search?q=harlequin-teen
593,health,https://www.goodreads.com/search?q=health
594,health-care,https://www.goodreads.com/search?q=health-care
595,helicopters,https://www.goodreads.com/search?q=helicopters
596,herbs,https://www.goodreads.com/search?q=herbs
597,heritage-preservation,https://www.goodreads.com/search?q=heritage-preservation
598,heroic-fantasy,https://www.goodreads.com/search?q=heroic-fantasy
599,hierarchy,https://www.goodreads.com/search?q=hierarchy
600,high-fantasy,https://www.goodreads.com/search?q=high-fantasy
601,high-school,https://www.goodreads.com/search?q=high-school
602,hinduism,https://www.goodreads.com/search?q=hinduism
603,hip-hop,https://www.goodreads.com/search?q=hip-hop
604,historical,https://www.goodreads.com/search?q=historical
605,historical-costume,https://www.goodreads.com/search?q=historical-costume
606,historical-fantasy,https://www.goodreads.com/search?q=historical-fantasy
607,historical-fiction,https://www.goodreads.com/search?q=historical-fiction
608,historical-mystery,https://www.goodreads.com/search?q=historical-mystery
609,historical-romance,https://www.goodreads.com/search?q=historical-romance
610,historical-romance-clean,https://www.goodreads.com/search?q=historical-romance-clean
611,historical-sewing,https://www.goodreads.com/search?q=historical-sewing
612,history,https://www.goodreads.com/search?q=history
613,history-and-politics,https://www.goodreads.com/search?q=history-and-politics
614,history-civil-war-eastern-theater,https://www.goodreads.com/search?q=history-civil-war-eastern-theater
615,history-of-medicine,https://www.goodreads.com/search?q=history-of-medicine
616,history-of-science,https://www.goodreads.com/search?q=history-of-science
617,hoaxes,https://www.goodreads.com/search?q=hoaxes
618,hockey,https://www.goodreads.com/search?q=hockey
619,holiday,https://www.goodreads.com/search?q=holiday
620,holland,https://www.goodreads.com/search?q=holland
621,holocaust,https://www.goodreads.com/search?q=holocaust
622,holocaust-denial,https://www.goodreads.com/search?q=holocaust-denial
623,home-economics,https://www.goodreads.com/search?q=home-economics
624,homeopathy,https://www.goodreads.com/search?q=homeopathy
625,horoscopes,https://www.goodreads.com/search?q=horoscopes
626,horror,https://www.goodreads.com/search?q=horror
627,horse-racing,https://www.goodreads.com/search?q=horse-racing
628,horses,https://www.goodreads.com/search?q=horses
629,horticulture,https://www.goodreads.com/search?q=horticulture
630,hot-air-balloons,https://www.goodreads.com/search?q=hot-air-balloons
631,house-building,https://www.goodreads.com/search?q=house-building
632,how-to,https://www.goodreads.com/search?q=how-to
633,hqn,https://www.goodreads.com/search?q=hqn
634,hugo-awards,https://www.goodreads.com/search?q=hugo-awards
635,huguenots,https://www.goodreads.com/search?q=huguenots
636,human-capital,https://www.goodreads.com/search?q=human-capital
637,human-development,https://www.goodreads.com/search?q=human-development
638,human-ecology,https://www.goodreads.com/search?q=human-ecology
639,human-resources,https://www.goodreads.com/search?q=human-resources
640,humanities,https://www.goodreads.com/search?q=humanities
641,humor,https://www.goodreads.com/search?q=humor
642,humorism,https://www.goodreads.com/search?q=humorism
643,hungarian-literature,https://www.goodreads.com/search?q=hungarian-literature
644,hungary,https://www.goodreads.com/search?q=hungary
645,hydrogeology,https://www.goodreads.com/search?q=hydrogeology
646,ice-age,https://www.goodreads.com/search?q=ice-age
647,illness,https://www.goodreads.com/search?q=illness
648,income-tax,https://www.goodreads.com/search?q=income-tax
649,india,https://www.goodreads.com/search?q=india
650,indian-literature,https://www.goodreads.com/search?q=indian-literature
651,indigenous-history,https://www.goodreads.com/search?q=indigenous-history
652,indonesian-literature,https://www.goodreads.com/search?q=indonesian-literature
653,infant-mortality,https://www.goodreads.com/search?q=infant-mortality
654,informatics,https://www.goodreads.com/search?q=informatics
655,information-science,https://www.goodreads.com/search?q=information-science
656,informed-consent,https://www.goodreads.com/search?q=informed-consent
657,innumeracy,https://www.goodreads.com/search?q=innumeracy
658,inspirational,https://www.goodreads.com/search?q=inspirational
659,intelligent-design,https://www.goodreads.com/search?q=intelligent-design
660,intensive-care,https://www.goodreads.com/search?q=intensive-care
661,international,https://www.goodreads.com/search?q=international
662,international-development,https://www.goodreads.com/search?q=international-development
663,international-literature,https://www.goodreads.com/search?q=international-literature
664,international-relations,https://www.goodreads.com/search?q=international-relations
665,internet,https://www.goodreads.com/search?q=internet
666,interracial-romance,https://www.goodreads.com/search?q=interracial-romance
667,intersex,https://www.goodreads.com/search?q=intersex
668,iran,https://www.goodreads.com/search?q=iran
669,ireland,https://www.goodreads.com/search?q=ireland
670,irish-civil-war,https://www.goodreads.com/search?q=irish-civil-war
671,irish-literature,https://www.goodreads.com/search?q=irish-literature
672,islam,https://www.goodreads.com/search?q=islam
673,islamic-terrorism,https://www.goodreads.com/search?q=islamic-terrorism
674,islamism,https://www.goodreads.com/search?q=islamism
675,israel,https://www.goodreads.com/search?q=israel
676,italian-literature,https://www.goodreads.com/search?q=italian-literature
677,italy,https://www.goodreads.com/search?q=italy
678,ivory-coast,https://www.goodreads.com/search?q=ivory-coast
679,japan,https://www.goodreads.com/search?q=japan
680,japanese-history,https://www.goodreads.com/search?q=japanese-history
681,japanese-literature,https://www.goodreads.com/search?q=japanese-literature
682,jazz,https://www.goodreads.com/search?q=jazz
683,jewellery,https://www.goodreads.com/search?q=jewellery
684,jewellery-making,https://www.goodreads.com/search?q=jewellery-making
685,jewish,https://www.goodreads.com/search?q=jewish
686,johannesburg,https://www.goodreads.com/search?q=johannesburg
687,jokes,https://www.goodreads.com/search?q=jokes
688,josei,https://www.goodreads.com/search?q=josei
689,journal,https://www.goodreads.com/search?q=journal
690,journaling,https://www.goodreads.com/search?q=journaling
691,journalism,https://www.goodreads.com/search?q=journalism
692,judaica,https://www.goodreads.com/search?q=judaica
693,judaism,https://www.goodreads.com/search?q=judaism
694,junk-science,https://www.goodreads.com/search?q=junk-science
695,juvenile,https://www.goodreads.com/search?q=juvenile
696,kazakhstan,https://www.goodreads.com/search?q=kazakhstan
697,kenya,https://www.goodreads.com/search?q=kenya
698,khartoum,https://www.goodreads.com/search?q=khartoum
699,kigali,https://www.goodreads.com/search?q=kigali
700,kinshasa,https://www.goodreads.com/search?q=kinshasa
701,knitting,https://www.goodreads.com/search?q=knitting
702,komik,https://www.goodreads.com/search?q=komik
703,ku-klux-klan,https://www.goodreads.com/search?q=ku-klux-klan
704,labor,https://www.goodreads.com/search?q=labor
705,lais,https://www.goodreads.com/search?q=lais
706,landscape-architecture,https://www.goodreads.com/search?q=landscape-architecture
707,landscaping,https://www.goodreads.com/search?q=landscaping
708,language,https://www.goodreads.com/search?q=language
709,lapidary,https://www.goodreads.com/search?q=lapidary
710,latin-american,https://www.goodreads.com/search?q=latin-american
711,latin-american-history,https://www.goodreads.com/search?q=latin-american-history
712,latin-american-literature,https://www.goodreads.com/search?q=latin-american-literature
713,law,https://www.goodreads.com/search?q=law
714,lds,https://www.goodreads.com/search?q=lds
715,lds-fiction,https://www.goodreads.com/search?q=lds-fiction
716,lds-non-fiction,https://www.goodreads.com/search?q=lds-non-fiction
717,leadership,https://www.goodreads.com/search?q=leadership
718,lebanon,https://www.goodreads.com/search?q=lebanon
719,led-zeppelin,https://www.goodreads.com/search?q=led-zeppelin
720,legal-ethics,https://www.goodreads.com/search?q=legal-ethics
721,legal-thriller,https://www.goodreads.com/search?q=legal-thriller
722,lenin,https://www.goodreads.com/search?q=lenin
723,leningrad,https://www.goodreads.com/search?q=leningrad
724,lesbian,https://www.goodreads.com/search?q=lesbian
725,lesbian-fiction,https://www.goodreads.com/search?q=lesbian-fiction
726,lesbian-romance,https://www.goodreads.com/search?q=lesbian-romance
727,lesbotronic,https://www.goodreads.com/search?q=lesbotronic
728,lesotho,https://www.goodreads.com/search?q=lesotho
729,lgbt,https://www.goodreads.com/search?q=lgbt
730,lgbt-memoir,https://www.goodreads.com/search?q=lgbt-memoir
731,liberia,https://www.goodreads.com/search?q=liberia
732,librarianship,https://www.goodreads.com/search?q=librarianship
733,library-science,https://www.goodreads.com/search?q=library-science
734,libya,https://www.goodreads.com/search?q=libya
735,lie,https://www.goodreads.com/search?q=lie
736,light-novel,https://www.goodreads.com/search?q=light-novel
737,linguistics,https://www.goodreads.com/search?q=linguistics
738,literary-criticism,https://www.goodreads.com/search?q=literary-criticism
739,literary-fiction,https://www.goodreads.com/search?q=literary-fiction
740,literature,https://www.goodreads.com/search?q=literature
741,live-action-roleplaying,https://www.goodreads.com/search?q=live-action-roleplaying
742,local-history,https://www.goodreads.com/search?q=local-history
743,loch-ness-monster,https://www.goodreads.com/search?q=loch-ness-monster
744,logic,https://www.goodreads.com/search?q=logic
745,london-underground,https://www.goodreads.com/search?q=london-underground
746,love,https://www.goodreads.com/search?q=love
747,love-inspired,https://www.goodreads.com/search?q=love-inspired
748,love-inspired-historical,https://www.goodreads.com/search?q=love-inspired-historical
749,love-inspired-suspense,https://www.goodreads.com/search?q=love-inspired-suspense
750,love-story,https://www.goodreads.com/search?q=love-story
751,lovecraftian,https://www.goodreads.com/search?q=lovecraftian
752,loveswept,https://www.goodreads.com/search?q=loveswept
753,low-fantasy,https://www.goodreads.com/search?q=low-fantasy
754,lusaka,https://www.goodreads.com/search?q=lusaka
755,luxemburg,https://www.goodreads.com/search?q=luxemburg
756,m-f-f,https://www.goodreads.com/search?q=m-f-f
757,m-f-m,https://www.goodreads.com/search?q=m-f-m
758,m-f-romance,https://www.goodreads.com/search?q=m-f-romance
759,m-m-aliens,https://www.goodreads.com/search?q=m-m-aliens
760,m-m-contemporary,https://www.goodreads.com/search?q=m-m-contemporary
761,m-m-f,https://www.goodreads.com/search?q=m-m-f
762,m-m-fantasy,https://www.goodreads.com/search?q=m-m-fantasy
763,m-m-futuristic,https://www.goodreads.com/search?q=m-m-futuristic
764,m-m-historical-romance,https://www.goodreads.com/search?q=m-m-historical-romance
765,m-m-horror,https://www.goodreads.com/search?q=m-m-horror
766,m-m-m,https://www.goodreads.com/search?q=m-m-m
767,m-m-m-f,https://www.goodreads.com/search?q=m-m-m-f
768,m-m-m-m,https://www.goodreads.com/search?q=m-m-m-m
769,m-m-mystery,https://www.goodreads.com/search?q=m-m-mystery
770,m-m-new-adult,https://www.goodreads.com/search?q=m-m-new-adult
771,m-m-office-romance,https://www.goodreads.com/search?q=m-m-office-romance
772,m-m-paranormal,https://www.goodreads.com/search?q=m-m-paranormal
773,m-m-romance,https://www.goodreads.com/search?q=m-m-romance
774,m-m-romantic-suspense,https://www.goodreads.com/search?q=m-m-romantic-suspense
775,m-m-science-fiction,https://www.goodreads.com/search?q=m-m-science-fiction
776,m-m-shapeshifters,https://www.goodreads.com/search?q=m-m-shapeshifters
777,m-m-sports-romance,https://www.goodreads.com/search?q=m-m-sports-romance
778,m-m-supernatural,https://www.goodreads.com/search?q=m-m-supernatural
779,m-m-urban-fantasy,https://www.goodreads.com/search?q=m-m-urban-fantasy
780,m-m-young-adult,https://www.goodreads.com/search?q=m-m-young-adult
781,madagascar,https://www.goodreads.com/search?q=madagascar
782,magic,https://www.goodreads.com/search?q=magic
783,magical-realism,https://www.goodreads.com/search?q=magical-realism
784,magick,https://www.goodreads.com/search?q=magick
785,mail-order-brides,https://www.goodreads.com/search?q=mail-order-brides
786,malabo,https://www.goodreads.com/search?q=malabo
787,malawi,https://www.goodreads.com/search?q=malawi
788,mali,https://www.goodreads.com/search?q=mali
789,management,https://www.goodreads.com/search?q=management
790,managers,https://www.goodreads.com/search?q=managers
791,manga,https://www.goodreads.com/search?q=manga
792,manga-romance,https://www.goodreads.com/search?q=manga-romance
793,manhwa,https://www.goodreads.com/search?q=manhwa
794,mannerpunk,https://www.goodreads.com/search?q=mannerpunk
795,maps,https://www.goodreads.com/search?q=maps
796,marathi,https://www.goodreads.com/search?q=marathi
797,maritime,https://www.goodreads.com/search?q=maritime
798,marriage,https://www.goodreads.com/search?q=marriage
799,martial-artist,https://www.goodreads.com/search?q=martial-artist
800,martial-arts,https://www.goodreads.com/search?q=martial-arts
801,martyr,https://www.goodreads.com/search?q=martyr
802,martyrdom,https://www.goodreads.com/search?q=martyrdom
803,marvel,https://www.goodreads.com/search?q=marvel
804,mary-i,https://www.goodreads.com/search?q=mary-i
805,mary-shelley,https://www.goodreads.com/search?q=mary-shelley
806,mary-wollstonecraft,https://www.goodreads.com/search?q=mary-wollstonecraft
807,material-culture,https://www.goodreads.com/search?q=material-culture
808,mathematics,https://www.goodreads.com/search?q=mathematics
809,mauritania,https://www.goodreads.com/search?q=mauritania
810,mauritius,https://www.goodreads.com/search?q=mauritius
811,media-tie-in,https://www.goodreads.com/search?q=media-tie-in
812,medical,https://www.goodreads.com/search?q=medical
813,medical-ethics,https://www.goodreads.com/search?q=medical-ethics
814,medical-profession,https://www.goodreads.com/search?q=medical-profession
815,medicine,https://www.goodreads.com/search?q=medicine
816,medieval,https://www.goodreads.com/search?q=medieval
817,medieval-history,https://www.goodreads.com/search?q=medieval-history
818,medieval-romance,https://www.goodreads.com/search?q=medieval-romance
819,medievalesque,https://www.goodreads.com/search?q=medievalesque
820,medievalism,https://www.goodreads.com/search?q=medievalism
821,memoir,https://www.goodreads.com/search?q=memoir
822,menage,https://www.goodreads.com/search?q=menage
823,mental-health,https://www.goodreads.com/search?q=mental-health
824,mental-illness,https://www.goodreads.com/search?q=mental-illness
825,mermaids,https://www.goodreads.com/search?q=mermaids
826,metallurgy,https://www.goodreads.com/search?q=metallurgy
827,metaphysics,https://www.goodreads.com/search?q=metaphysics
828,microhistory,https://www.goodreads.com/search?q=microhistory
829,middle-english-literature,https://www.goodreads.com/search?q=middle-english-literature
830,middle-grade,https://www.goodreads.com/search?q=middle-grade
831,military-fiction,https://www.goodreads.com/search?q=military-fiction
832,military-historical-fiction,https://www.goodreads.com/search?q=military-historical-fiction
833,military-history,https://www.goodreads.com/search?q=military-history
834,military-romance,https://www.goodreads.com/search?q=military-romance
835,military-science-fiction,https://www.goodreads.com/search?q=military-science-fiction
836,mills-and-boon,https://www.goodreads.com/search?q=mills-and-boon
837,mineralogy,https://www.goodreads.com/search?q=mineralogy
838,mira,https://www.goodreads.com/search?q=mira
839,mixed-martial-arts,https://www.goodreads.com/search?q=mixed-martial-arts
840,mmorpg,https://www.goodreads.com/search?q=mmorpg
841,modern,https://www.goodreads.com/search?q=modern
842,modern-classics,https://www.goodreads.com/search?q=modern-classics
843,mogadishu,https://www.goodreads.com/search?q=mogadishu
844,mombasa,https://www.goodreads.com/search?q=mombasa
845,money,https://www.goodreads.com/search?q=money
846,money-management,https://www.goodreads.com/search?q=money-management
847,monrovia,https://www.goodreads.com/search?q=monrovia
848,monsters,https://www.goodreads.com/search?q=monsters
849,mormonism,https://www.goodreads.com/search?q=mormonism
850,moroccan,https://www.goodreads.com/search?q=moroccan
851,morocco,https://www.goodreads.com/search?q=morocco
852,moscow,https://www.goodreads.com/search?q=moscow
853,motorcycle,https://www.goodreads.com/search?q=motorcycle
854,motorcycling,https://www.goodreads.com/search?q=motorcycling
855,mountaineering,https://www.goodreads.com/search?q=mountaineering
856,mozambique,https://www.goodreads.com/search?q=mozambique
857,multicultural-literature,https://www.goodreads.com/search?q=multicultural-literature
858,multiple-partners,https://www.goodreads.com/search?q=multiple-partners
859,multiplication,https://www.goodreads.com/search?q=multiplication
860,murder-mystery,https://www.goodreads.com/search?q=murder-mystery
861,muscovy,https://www.goodreads.com/search?q=muscovy
862,museology,https://www.goodreads.com/search?q=museology
863,museums,https://www.goodreads.com/search?q=museums
864,music,https://www.goodreads.com/search?q=music
865,music-biography,https://www.goodreads.com/search?q=music-biography
866,musicals,https://www.goodreads.com/search?q=musicals
867,musician-erotica,https://www.goodreads.com/search?q=musician-erotica
868,musicians,https://www.goodreads.com/search?q=musicians
869,muslimah,https://www.goodreads.com/search?q=muslimah
870,muslims,https://www.goodreads.com/search?q=muslims
871,mystery,https://www.goodreads.com/search?q=mystery
872,mystery-thriller,https://www.goodreads.com/search?q=mystery-thriller
873,mysticism,https://www.goodreads.com/search?q=mysticism
874,mythology,https://www.goodreads.com/search?q=mythology
875,nairobi,https://www.goodreads.com/search?q=nairobi
876,namibia,https://www.goodreads.com/search?q=namibia
877,native-american-history,https://www.goodreads.com/search?q=native-american-history
878,native-americans,https://www.goodreads.com/search?q=native-americans
879,natural-history,https://www.goodreads.com/search?q=natural-history
880,nature,https://www.goodreads.com/search?q=nature
881,naturopathy,https://www.goodreads.com/search?q=naturopathy
882,naval-historical-fiction,https://www.goodreads.com/search?q=naval-historical-fiction
883,naval-history,https://www.goodreads.com/search?q=naval-history
884,nazarene,https://www.goodreads.com/search?q=nazarene
885,nazi-party,https://www.goodreads.com/search?q=nazi-party
886,near-future,https://www.goodreads.com/search?q=near-future
887,neo-medieval,https://www.goodreads.com/search?q=neo-medieval
888,nerd,https://www.goodreads.com/search?q=nerd
889,neuroscience,https://www.goodreads.com/search?q=neuroscience
890,new-adult,https://www.goodreads.com/search?q=new-adult
891,new-adult-romance,https://www.goodreads.com/search?q=new-adult-romance
892,new-age,https://www.goodreads.com/search?q=new-age
893,new-testament,https://www.goodreads.com/search?q=new-testament
894,new-weird,https://www.goodreads.com/search?q=new-weird
895,new-york,https://www.goodreads.com/search?q=new-york
896,niger,https://www.goodreads.com/search?q=niger
897,nigeria,https://www.goodreads.com/search?q=nigeria
898,noir,https://www.goodreads.com/search?q=noir
899,non-fiction,https://www.goodreads.com/search?q=non-fiction
900,nordic-noir,https://www.goodreads.com/search?q=nordic-noir
901,norman,https://www.goodreads.com/search?q=norman
902,north-american-history,https://www.goodreads.com/search?q=north-american-history
903,northern-africa,https://www.goodreads.com/search?q=northern-africa
904,novella,https://www.goodreads.com/search?q=novella
905,novels,https://www.goodreads.com/search?q=novels
906,nsfw,https://www.goodreads.com/search?q=nsfw
907,number,https://www.goodreads.com/search?q=number
908,number-theory,https://www.goodreads.com/search?q=number-theory
909,numeracy,https://www.goodreads.com/search?q=numeracy
910,numerology,https://www.goodreads.com/search?q=numerology
911,numismatics,https://www.goodreads.com/search?q=numismatics
912,nursery-rhymes,https://www.goodreads.com/search?q=nursery-rhymes
913,nursing,https://www.goodreads.com/search?q=nursing
914,nutrition,https://www.goodreads.com/search?q=nutrition
915,occult,https://www.goodreads.com/search?q=occult
916,occult-detective,https://www.goodreads.com/search?q=occult-detective
917,old-english-literature,https://www.goodreads.com/search?q=old-english-literature
918,old-testament,https://www.goodreads.com/search?q=old-testament
919,omegaverse,https://www.goodreads.com/search?q=omegaverse
920,oppositional-defiance-disorder,https://www.goodreads.com/search?q=oppositional-defiance-disorder
921,oral-history,https://www.goodreads.com/search?q=oral-history
922,organizational-culture,https://www.goodreads.com/search?q=organizational-culture
923,origami,https://www.goodreads.com/search?q=origami
924,ornithology,https://www.goodreads.com/search?q=ornithology
925,outdoors,https://www.goodreads.com/search?q=outdoors
926,overland-campaign,https://www.goodreads.com/search?q=overland-campaign
927,paganism,https://www.goodreads.com/search?q=paganism
928,pakistan,https://www.goodreads.com/search?q=pakistan
929,palaeontology,https://www.goodreads.com/search?q=palaeontology
930,palaeozoology,https://www.goodreads.com/search?q=palaeozoology
931,palmistry,https://www.goodreads.com/search?q=palmistry
932,paranormal,https://www.goodreads.com/search?q=paranormal
933,paranormal-mystery,https://www.goodreads.com/search?q=paranormal-mystery
934,paranormal-romance,https://www.goodreads.com/search?q=paranormal-romance
935,paranormal-urban-fantasy,https://www.goodreads.com/search?q=paranormal-urban-fantasy
936,parenting,https://www.goodreads.com/search?q=parenting
937,pathological-demand-avoidance,https://www.goodreads.com/search?q=pathological-demand-avoidance
938,patternmaking,https://www.goodreads.com/search?q=patternmaking
939,peak-oil,https://www.goodreads.com/search?q=peak-oil
940,pediatricians,https://www.goodreads.com/search?q=pediatricians
941,pediatrics,https://www.goodreads.com/search?q=pediatrics
942,peer-review,https://www.goodreads.com/search?q=peer-review
943,peninsula-campaign,https://www.goodreads.com/search?q=peninsula-campaign
944,percy-bysshe-shelley,https://www.goodreads.com/search?q=percy-bysshe-shelley
945,personal-development,https://www.goodreads.com/search?q=personal-development
946,personal-finance,https://www.goodreads.com/search?q=personal-finance
947,petrograd,https://www.goodreads.com/search?q=petrograd
948,philip-ii-of-spain,https://www.goodreads.com/search?q=philip-ii-of-spain
949,philosophy,https://www.goodreads.com/search?q=philosophy
950,photography,https://www.goodreads.com/search?q=photography
951,phrenology,https://www.goodreads.com/search?q=phrenology
952,physical-therapy,https://www.goodreads.com/search?q=physical-therapy
953,physics,https://www.goodreads.com/search?q=physics
954,physiotherapy,https://www.goodreads.com/search?q=physiotherapy
955,picture-books,https://www.goodreads.com/search?q=picture-books
956,picu,https://www.goodreads.com/search?q=picu
957,pirates,https://www.goodreads.com/search?q=pirates
958,planetary-romance,https://www.goodreads.com/search?q=planetary-romance
959,planetary-science,https://www.goodreads.com/search?q=planetary-science
960,planets,https://www.goodreads.com/search?q=planets
961,plantagenet,https://www.goodreads.com/search?q=plantagenet
962,plants,https://www.goodreads.com/search?q=plants
963,plays,https://www.goodreads.com/search?q=plays
964,plus-size,https://www.goodreads.com/search?q=plus-size
965,poetry,https://www.goodreads.com/search?q=poetry
966,poland,https://www.goodreads.com/search?q=poland
967,police,https://www.goodreads.com/search?q=police
968,polish-literature,https://www.goodreads.com/search?q=polish-literature
969,political-development,https://www.goodreads.com/search?q=political-development
970,political-ethics,https://www.goodreads.com/search?q=political-ethics
971,political-science,https://www.goodreads.com/search?q=political-science
972,politics,https://www.goodreads.com/search?q=politics
973,polyamorous,https://www.goodreads.com/search?q=polyamorous
974,polyamory,https://www.goodreads.com/search?q=polyamory
975,polyandry,https://www.goodreads.com/search?q=polyandry
976,polygamy,https://www.goodreads.com/search?q=polygamy
977,polygyny,https://www.goodreads.com/search?q=polygyny
978,pop-culture,https://www.goodreads.com/search?q=pop-culture
979,popular-science,https://www.goodreads.com/search?q=popular-science
980,pornography,https://www.goodreads.com/search?q=pornography
981,portugal,https://www.goodreads.com/search?q=portugal
982,portuguese-literature,https://www.goodreads.com/search?q=portuguese-literature
983,post-apocalyptic,https://www.goodreads.com/search?q=post-apocalyptic
984,poverty,https://www.goodreads.com/search?q=poverty
985,prayer,https://www.goodreads.com/search?q=prayer
986,pre-k,https://www.goodreads.com/search?q=pre-k
987,pre-raphaelite,https://www.goodreads.com/search?q=pre-raphaelite
988,prehistoric,https://www.goodreads.com/search?q=prehistoric
989,prehistory,https://www.goodreads.com/search?q=prehistory
990,preservation,https://www.goodreads.com/search?q=preservation
991,presidents,https://www.goodreads.com/search?q=presidents
992,pretoria,https://www.goodreads.com/search?q=pretoria
993,princesses,https://www.goodreads.com/search?q=princesses
994,productivity,https://www.goodreads.com/search?q=productivity
995,professors,https://www.goodreads.com/search?q=professors
996,programming,https://www.goodreads.com/search?q=programming
997,programming-languages,https://www.goodreads.com/search?q=programming-languages
998,prostitution,https://www.goodreads.com/search?q=prostitution
999,pseudomedicine,https://www.goodreads.com/search?q=pseudomedicine
1000,pseudoscience,https://www.goodreads.com/search?q=pseudoscience
1001,psychiatry,https://www.goodreads.com/search?q=psychiatry
1002,psychoanalysis,https://www.goodreads.com/search?q=psychoanalysis
1003,psychohistory,https://www.goodreads.com/search?q=psychohistory
1004,psychological-horror,https://www.goodreads.com/search?q=psychological-horror
1005,psychological-thriller,https://www.goodreads.com/search?q=psychological-thriller
1006,psychology,https://www.goodreads.com/search?q=psychology
1007,public-transport,https://www.goodreads.com/search?q=public-transport
1008,pulp,https://www.goodreads.com/search?q=pulp
1009,pulp-adventure,https://www.goodreads.com/search?q=pulp-adventure
1010,pulp-noir,https://www.goodreads.com/search?q=pulp-noir
1011,punk,https://www.goodreads.com/search?q=punk
1012,punx,https://www.goodreads.com/search?q=punx
1013,puzzles,https://www.goodreads.com/search?q=puzzles
1014,quackery,https://www.goodreads.com/search?q=quackery
1015,qualitative-research,https://www.goodreads.com/search?q=qualitative-research
1016,quantitative-research,https://www.goodreads.com/search?q=quantitative-research
1017,quantum-mechanics,https://www.goodreads.com/search?q=quantum-mechanics
1018,queer,https://www.goodreads.com/search?q=queer
1019,queer-lit,https://www.goodreads.com/search?q=queer-lit
1020,queer-studies,https://www.goodreads.com/search?q=queer-studies
1021,quilting,https://www.goodreads.com/search?q=quilting
1022,r-subgenre-category-romance,https://www.goodreads.com/search?q=r-subgenre-category-romance
1023,rabat,https://www.goodreads.com/search?q=rabat
1024,rabbits,https://www.goodreads.com/search?q=rabbits
1025,race,https://www.goodreads.com/search?q=race
1026,racing,https://www.goodreads.com/search?q=racing
1027,railway-history,https://www.goodreads.com/search?q=railway-history
1028,railways,https://www.goodreads.com/search?q=railways
1029,read-for-college,https://www.goodreads.com/search?q=read-for-college
1030,read-for-school,https://www.goodreads.com/search?q=read-for-school
1031,real-person-fiction,https://www.goodreads.com/search?q=real-person-fiction
1032,realistic-fiction,https://www.goodreads.com/search?q=realistic-fiction
1033,realistic-young-adult,https://www.goodreads.com/search?q=realistic-young-adult
1034,recreation,https://www.goodreads.com/search?q=recreation
1035,recruitment,https://www.goodreads.com/search?q=recruitment
1036,refereeing,https://www.goodreads.com/search?q=refereeing
1037,reference,https://www.goodreads.com/search?q=reference
1038,regency,https://www.goodreads.com/search?q=regency
1039,regency-romance,https://www.goodreads.com/search?q=regency-romance
1040,regency-romance-clean,https://www.goodreads.com/search?q=regency-romance-clean
1041,relationships,https://www.goodreads.com/search?q=relationships
1042,religion,https://www.goodreads.com/search?q=religion
1043,reproductive-science,https://www.goodreads.com/search?q=reproductive-science
1044,republic-of-the-congo,https://www.goodreads.com/search?q=republic-of-the-congo
1045,research,https://www.goodreads.com/search?q=research
1046,research-methods,https://www.goodreads.com/search?q=research-methods
1047,retellings,https://www.goodreads.com/search?q=retellings
1048,reverse-harem,https://www.goodreads.com/search?q=reverse-harem
1049,road-trip,https://www.goodreads.com/search?q=road-trip
1050,robots,https://www.goodreads.com/search?q=robots
1051,rock-n-roll,https://www.goodreads.com/search?q=rock-n-roll
1052,role-playing-games,https://www.goodreads.com/search?q=role-playing-games
1053,roller-derby,https://www.goodreads.com/search?q=roller-derby
1054,roman,https://www.goodreads.com/search?q=roman
1055,roman-britain,https://www.goodreads.com/search?q=roman-britain
1056,romance,https://www.goodreads.com/search?q=romance
1057,romania,https://www.goodreads.com/search?q=romania
1058,romanian-literature,https://www.goodreads.com/search?q=romanian-literature
1059,romanovs,https://www.goodreads.com/search?q=romanovs
1060,romantic,https://www.goodreads.com/search?q=romantic
1061,romantic-suspense,https://www.goodreads.com/search?q=romantic-suspense
1062,romanticism,https://www.goodreads.com/search?q=romanticism
1063,royal-air-force,https://www.goodreads.com/search?q=royal-air-force
1064,rus,https://www.goodreads.com/search?q=rus
1065,russia,https://www.goodreads.com/search?q=russia
1066,russian-empire,https://www.goodreads.com/search?q=russian-empire
1067,russian-federation,https://www.goodreads.com/search?q=russian-federation
1068,russian-history,https://www.goodreads.com/search?q=russian-history
1069,russian-literature,https://www.goodreads.com/search?q=russian-literature
1070,russian-revolution,https://www.goodreads.com/search?q=russian-revolution
1071,rwanda,https://www.goodreads.com/search?q=rwanda
1072,saint-helena,https://www.goodreads.com/search?q=saint-helena
1073,sao-tome,https://www.goodreads.com/search?q=sao-tome
1074,sao-tome-and-principe,https://www.goodreads.com/search?q=sao-tome-and-principe
1075,satanism,https://www.goodreads.com/search?q=satanism
1076,scandinavian-literature,https://www.goodreads.com/search?q=scandinavian-literature
1077,school,https://www.goodreads.com/search?q=school
1078,school-stories,https://www.goodreads.com/search?q=school-stories
1079,science,https://www.goodreads.com/search?q=science
1080,science-fiction,https://www.goodreads.com/search?q=science-fiction
1081,science-fiction-fantasy,https://www.goodreads.com/search?q=science-fiction-fantasy
1082,science-fiction-romance,https://www.goodreads.com/search?q=science-fiction-romance
1083,science-nature,https://www.goodreads.com/search?q=science-nature
1084,scientific-method,https://www.goodreads.com/search?q=scientific-method
1085,scooters,https://www.goodreads.com/search?q=scooters
1086,scores,https://www.goodreads.com/search?q=scores
1087,scotland,https://www.goodreads.com/search?q=scotland
1088,scripture,https://www.goodreads.com/search?q=scripture
1089,seinen,https://www.goodreads.com/search?q=seinen
1090,self-building,https://www.goodreads.com/search?q=self-building
1091,self-help,https://www.goodreads.com/search?q=self-help
1092,semiotics,https://www.goodreads.com/search?q=semiotics
1093,senegal,https://www.goodreads.com/search?q=senegal
1094,sequential-art,https://www.goodreads.com/search?q=sequential-art
1095,serbian-literature,https://www.goodreads.com/search?q=serbian-literature
1096,sewing,https://www.goodreads.com/search?q=sewing
1097,sex-and-erotica,https://www.goodreads.com/search?q=sex-and-erotica
1098,sex-work,https://www.goodreads.com/search?q=sex-work
1099,sexuality,https://www.goodreads.com/search?q=sexuality
1100,seychelles,https://www.goodreads.com/search?q=seychelles
1101,shapeshifters,https://www.goodreads.com/search?q=shapeshifters
1102,shinigami,https://www.goodreads.com/search?q=shinigami
1103,shojo,https://www.goodreads.com/search?q=shojo
1104,shonen,https://www.goodreads.com/search?q=shonen
1105,short-stories,https://www.goodreads.com/search?q=short-stories
1106,short-story-collection,https://www.goodreads.com/search?q=short-story-collection
1107,shounen-ai,https://www.goodreads.com/search?q=shounen-ai
1108,siege-of-petersburg,https://www.goodreads.com/search?q=siege-of-petersburg
1109,sierra-leone,https://www.goodreads.com/search?q=sierra-leone
1110,siglo-de-oro,https://www.goodreads.com/search?q=siglo-de-oro
1111,silhouette,https://www.goodreads.com/search?q=silhouette
1112,singularity,https://www.goodreads.com/search?q=singularity
1113,skepticism,https://www.goodreads.com/search?q=skepticism
1114,slash-fiction,https://www.goodreads.com/search?q=slash-fiction
1115,slice-of-life,https://www.goodreads.com/search?q=slice-of-life
1116,soccer,https://www.goodreads.com/search?q=soccer
1117,social,https://www.goodreads.com/search?q=social
1118,social-change,https://www.goodreads.com/search?q=social-change
1119,social-issues,https://www.goodreads.com/search?q=social-issues
1120,social-justice,https://www.goodreads.com/search?q=social-justice
1121,social-media,https://www.goodreads.com/search?q=social-media
1122,social-movements,https://www.goodreads.com/search?q=social-movements
1123,social-science,https://www.goodreads.com/search?q=social-science
1124,social-welfare,https://www.goodreads.com/search?q=social-welfare
1125,social-work,https://www.goodreads.com/search?q=social-work
1126,society,https://www.goodreads.com/search?q=society
1127,sociology,https://www.goodreads.com/search?q=sociology
1128,software,https://www.goodreads.com/search?q=software
1129,soldiers,https://www.goodreads.com/search?q=soldiers
1130,somalia,https://www.goodreads.com/search?q=somalia
1131,south-africa,https://www.goodreads.com/search?q=south-africa
1132,south-sudan,https://www.goodreads.com/search?q=south-sudan
1133,southern,https://www.goodreads.com/search?q=southern
1134,southern-africa,https://www.goodreads.com/search?q=southern-africa
1135,southern-gothic,https://www.goodreads.com/search?q=southern-gothic
1136,southern-war-for-independance,https://www.goodreads.com/search?q=southern-war-for-independance
1137,soviet-history,https://www.goodreads.com/search?q=soviet-history
1138,soviet-union,https://www.goodreads.com/search?q=soviet-union
1139,space,https://www.goodreads.com/search?q=space
1140,space-archaeology,https://www.goodreads.com/search?q=space-archaeology
1141,space-opera,https://www.goodreads.com/search?q=space-opera
1142,spain,https://www.goodreads.com/search?q=spain
1143,spanish-armada,https://www.goodreads.com/search?q=spanish-armada
1144,spanish-civil-war,https://www.goodreads.com/search?q=spanish-civil-war
1145,spanish-history,https://www.goodreads.com/search?q=spanish-history
1146,spanish-literature,https://www.goodreads.com/search?q=spanish-literature
1147,speculative-fiction,https://www.goodreads.com/search?q=speculative-fiction
1148,spider-man,https://www.goodreads.com/search?q=spider-man
1149,spiritualism,https://www.goodreads.com/search?q=spiritualism
1150,spirituality,https://www.goodreads.com/search?q=spirituality
1151,splatterpunk,https://www.goodreads.com/search?q=splatterpunk
1152,sports,https://www.goodreads.com/search?q=sports
1153,sports-romance,https://www.goodreads.com/search?q=sports-romance
1154,spy-thriller,https://www.goodreads.com/search?q=spy-thriller
1155,st-petersburg,https://www.goodreads.com/search?q=st-petersburg
1156,stand-up,https://www.goodreads.com/search?q=stand-up
1157,star-trek,https://www.goodreads.com/search?q=star-trek
1158,star-trek-deep-space-nine,https://www.goodreads.com/search?q=star-trek-deep-space-nine
1159,star-trek-enterprise,https://www.goodreads.com/search?q=star-trek-enterprise
1160,star-trek-original-series,https://www.goodreads.com/search?q=star-trek-original-series
1161,star-trek-the-next-generation,https://www.goodreads.com/search?q=star-trek-the-next-generation
1162,star-trek-voyager,https://www.goodreads.com/search?q=star-trek-voyager
1163,star-wars,https://www.goodreads.com/search?q=star-wars
1164,steam-trains,https://www.goodreads.com/search?q=steam-trains
1165,steampunk,https://www.goodreads.com/search?q=steampunk
1166,steampunk-romance,https://www.goodreads.com/search?q=steampunk-romance
1167,storytime,https://www.goodreads.com/search?q=storytime
1168,street-art,https://www.goodreads.com/search?q=street-art
1169,streetmap,https://www.goodreads.com/search?q=streetmap
1170,strippers,https://www.goodreads.com/search?q=strippers
1171,stuart,https://www.goodreads.com/search?q=stuart
1172,students,https://www.goodreads.com/search?q=students
1173,subtraction,https://www.goodreads.com/search?q=subtraction
1174,sudan,https://www.goodreads.com/search?q=sudan
1175,suisse,https://www.goodreads.com/search?q=suisse
1176,sunday-comics,https://www.goodreads.com/search?q=sunday-comics
1177,superheroes,https://www.goodreads.com/search?q=superheroes
1178,superman,https://www.goodreads.com/search?q=superman
1179,supernatural,https://www.goodreads.com/search?q=supernatural
1180,supernatural-romance,https://www.goodreads.com/search?q=supernatural-romance
1181,superstition,https://www.goodreads.com/search?q=superstition
1182,surreal,https://www.goodreads.com/search?q=surreal
1183,survival,https://www.goodreads.com/search?q=survival
1184,suspense,https://www.goodreads.com/search?q=suspense
1185,sustainability,https://www.goodreads.com/search?q=sustainability
1186,swashbuckling,https://www.goodreads.com/search?q=swashbuckling
1187,swaziland,https://www.goodreads.com/search?q=swaziland
1188,sweden,https://www.goodreads.com/search?q=sweden
1189,swedish-literature,https://www.goodreads.com/search?q=swedish-literature
1190,sword-and-planet,https://www.goodreads.com/search?q=sword-and-planet
1191,sword-and-sorcery,https://www.goodreads.com/search?q=sword-and-sorcery
1192,syrian-civil-war,https://www.goodreads.com/search?q=syrian-civil-war
1193,tanzania,https://www.goodreads.com/search?q=tanzania
1194,taoism,https://www.goodreads.com/search?q=taoism
1195,tarot,https://www.goodreads.com/search?q=tarot
1196,tasmania,https://www.goodreads.com/search?q=tasmania
1197,taxation,https://www.goodreads.com/search?q=taxation
1198,tea,https://www.goodreads.com/search?q=tea
1199,teachers,https://www.goodreads.com/search?q=teachers
1200,teaching,https://www.goodreads.com/search?q=teaching
1201,technical,https://www.goodreads.com/search?q=technical
1202,technology,https://www.goodreads.com/search?q=technology
1203,teen,https://www.goodreads.com/search?q=teen
1204,terrorism,https://www.goodreads.com/search?q=terrorism
1205,textbooks,https://www.goodreads.com/search?q=textbooks
1206,the-1700s,https://www.goodreads.com/search?q=the-1700s
1207,the-alps,https://www.goodreads.com/search?q=the-alps
1208,the-americas,https://www.goodreads.com/search?q=the-americas
1209,the-gambia,https://www.goodreads.com/search?q=the-gambia
1210,the-united-states-of-america,https://www.goodreads.com/search?q=the-united-states-of-america
1211,the-world,https://www.goodreads.com/search?q=the-world
1212,theatre,https://www.goodreads.com/search?q=theatre
1213,thelema,https://www.goodreads.com/search?q=thelema
1214,theology,https://www.goodreads.com/search?q=theology
1215,theory,https://www.goodreads.com/search?q=theory
1216,theosophy,https://www.goodreads.com/search?q=theosophy
1217,threesome,https://www.goodreads.com/search?q=threesome
1218,thriller,https://www.goodreads.com/search?q=thriller
1219,time-travel,https://www.goodreads.com/search?q=time-travel
1220,time-travel-romance,https://www.goodreads.com/search?q=time-travel-romance
1221,togo,https://www.goodreads.com/search?q=togo
1222,tourette-syndrome,https://www.goodreads.com/search?q=tourette-syndrome
1223,traditional-chinese-medicine,https://www.goodreads.com/search?q=traditional-chinese-medicine
1224,traditional-regency,https://www.goodreads.com/search?q=traditional-regency
1225,tragedy,https://www.goodreads.com/search?q=tragedy
1226,trains,https://www.goodreads.com/search?q=trains
1227,transgender,https://www.goodreads.com/search?q=transgender
1228,transgender-romance,https://www.goodreads.com/search?q=transgender-romance
1229,transmississippi,https://www.goodreads.com/search?q=transmississippi
1230,transport,https://www.goodreads.com/search?q=transport
1231,transsexual,https://www.goodreads.com/search?q=transsexual
1232,transvestism,https://www.goodreads.com/search?q=transvestism
1233,travel,https://www.goodreads.com/search?q=travel
1234,travelogue,https://www.goodreads.com/search?q=travelogue
1235,tristan-da-cunha,https://www.goodreads.com/search?q=tristan-da-cunha
1236,trivia,https://www.goodreads.com/search?q=trivia
1237,trucks,https://www.goodreads.com/search?q=trucks
1238,true-crime,https://www.goodreads.com/search?q=true-crime
1239,true-story,https://www.goodreads.com/search?q=true-story
1240,tsars,https://www.goodreads.com/search?q=tsars
1241,tudor-period,https://www.goodreads.com/search?q=tudor-period
1242,tunis,https://www.goodreads.com/search?q=tunis
1243,tunisia,https://www.goodreads.com/search?q=tunisia
1244,turkish,https://www.goodreads.com/search?q=turkish
1245,turkish-literature,https://www.goodreads.com/search?q=turkish-literature
1246,tv,https://www.goodreads.com/search?q=tv
1247,uganda,https://www.goodreads.com/search?q=uganda
1248,ukraine,https://www.goodreads.com/search?q=ukraine
1249,ukrainian-literature,https://www.goodreads.com/search?q=ukrainian-literature
1250,underground-railway,https://www.goodreads.com/search?q=underground-railway
1251,unfinished,https://www.goodreads.com/search?q=unfinished
1252,unicorns,https://www.goodreads.com/search?q=unicorns
1253,united-states,https://www.goodreads.com/search?q=united-states
1254,urban,https://www.goodreads.com/search?q=urban
1255,urban-design,https://www.goodreads.com/search?q=urban-design
1256,urban-fantasy,https://www.goodreads.com/search?q=urban-fantasy
1257,urban-fantasy-romance,https://www.goodreads.com/search?q=urban-fantasy-romance
1258,urban-legends,https://www.goodreads.com/search?q=urban-legends
1259,urban-planning,https://www.goodreads.com/search?q=urban-planning
1260,urban-studies,https://www.goodreads.com/search?q=urban-studies
1261,urbanism,https://www.goodreads.com/search?q=urbanism
1262,us-presidents,https://www.goodreads.com/search?q=us-presidents
1263,usability,https://www.goodreads.com/search?q=usability
1264,utopia,https://www.goodreads.com/search?q=utopia
1265,vaccine-hesitancy,https://www.goodreads.com/search?q=vaccine-hesitancy
1266,vaccines,https://www.goodreads.com/search?q=vaccines
1267,vampire-hunters,https://www.goodreads.com/search?q=vampire-hunters
1268,vampires,https://www.goodreads.com/search?q=vampires
1269,vegan,https://www.goodreads.com/search?q=vegan
1270,vegetarian,https://www.goodreads.com/search?q=vegetarian
1271,vegetarianism,https://www.goodreads.com/search?q=vegetarianism
1272,vespa,https://www.goodreads.com/search?q=vespa
1273,vicksburg-campaign,https://www.goodreads.com/search?q=vicksburg-campaign
1274,victor-frankenstein,https://www.goodreads.com/search?q=victor-frankenstein
1275,victorian,https://www.goodreads.com/search?q=victorian
1276,victorian-romance,https://www.goodreads.com/search?q=victorian-romance
1277,video-games,https://www.goodreads.com/search?q=video-games
1278,viking-romance,https://www.goodreads.com/search?q=viking-romance
1279,virtual-reality,https://www.goodreads.com/search?q=virtual-reality
1280,visual-art,https://www.goodreads.com/search?q=visual-art
1281,vtol,https://www.goodreads.com/search?q=vtol
1282,walking,https://www.goodreads.com/search?q=walking
1283,war,https://www.goodreads.com/search?q=war
1284,warcraft,https://www.goodreads.com/search?q=warcraft
1285,web,https://www.goodreads.com/search?q=web
1286,webcomic,https://www.goodreads.com/search?q=webcomic
1287,website-design,https://www.goodreads.com/search?q=website-design
1288,weird-fiction,https://www.goodreads.com/search?q=weird-fiction
1289,weird-west,https://www.goodreads.com/search?q=weird-west
1290,werecats,https://www.goodreads.com/search?q=werecats
1291,werewolves,https://www.goodreads.com/search?q=werewolves
1292,western-africa,https://www.goodreads.com/search?q=western-africa
1293,western-historical-romance,https://www.goodreads.com/search?q=western-historical-romance
1294,western-romance,https://www.goodreads.com/search?q=western-romance
1295,western-sahara,https://www.goodreads.com/search?q=western-sahara
1296,westerns,https://www.goodreads.com/search?q=westerns
1297,whodunit,https://www.goodreads.com/search?q=whodunit
1298,wicca,https://www.goodreads.com/search?q=wicca
1299,wilderness,https://www.goodreads.com/search?q=wilderness
1300,wildlife,https://www.goodreads.com/search?q=wildlife
1301,william-godwin,https://www.goodreads.com/search?q=william-godwin
1302,wine,https://www.goodreads.com/search?q=wine
1303,witchcraft,https://www.goodreads.com/search?q=witchcraft
1304,witches,https://www.goodreads.com/search?q=witches
1305,wizards,https://www.goodreads.com/search?q=wizards
1306,wolves,https://www.goodreads.com/search?q=wolves
1307,women-and-gender-studies,https://www.goodreads.com/search?q=women-and-gender-studies
1308,womens,https://www.goodreads.com/search?q=womens
1309,womens-fiction,https://www.goodreads.com/search?q=womens-fiction
1310,womens-rights,https://www.goodreads.com/search?q=womens-rights
1311,womens-sports,https://www.goodreads.com/search?q=womens-sports
1312,womens-studies,https://www.goodreads.com/search?q=womens-studies
1313,wonder-woman,https://www.goodreads.com/search?q=wonder-woman
1314,woodwork,https://www.goodreads.com/search?q=woodwork
1315,words,https://www.goodreads.com/search?q=words
1316,world-history,https://www.goodreads.com/search?q=world-history
1317,world-of-darkness,https://www.goodreads.com/search?q=world-of-darkness
1318,world-of-warcraft,https://www.goodreads.com/search?q=world-of-warcraft
1319,world-war-i,https://www.goodreads.com/search?q=world-war-i
1320,world-war-ii,https://www.goodreads.com/search?q=world-war-ii
1321,writing,https://www.goodreads.com/search?q=writing
1322,wwii-related-fiction,https://www.goodreads.com/search?q=wwii-related-fiction
1323,x-men,https://www.goodreads.com/search?q=x-men
1324,yaoi,https://www.goodreads.com/search?q=yaoi
1325,yeti,https://www.goodreads.com/search?q=yeti
1326,young-adult,https://www.goodreads.com/search?q=young-adult
1327,young-adult-contemporary,https://www.goodreads.com/search?q=young-adult-contemporary
1328,young-adult-fantasy,https://www.goodreads.com/search?q=young-adult-fantasy
1329,young-adult-historical-fiction,https://www.goodreads.com/search?q=young-adult-historical-fiction
1330,young-adult-paranormal,https://www.goodreads.com/search?q=young-adult-paranormal
1331,young-adult-romance,https://www.goodreads.com/search?q=young-adult-romance
1332,young-adult-science-fiction,https://www.goodreads.com/search?q=young-adult-science-fiction
1333,young-earth,https://www.goodreads.com/search?q=young-earth
1334,young-readers,https://www.goodreads.com/search?q=young-readers
1335,yuri,https://www.goodreads.com/search?q=yuri
1336,zambia,https://www.goodreads.com/search?q=zambia
1337,zen,https://www.goodreads.com/search?q=zen
1338,zimbabwe,https://www.goodreads.com/search?q=zimbabwe
1339,zombies,https://www.goodreads.com/search?q=zombies
1340,漫画,https://www.goodreads.com/search?q=漫画
